datetime,open,high,low,close,volume,rsi,macd,bb_upper,atr,vwap,ema,adx,cci,stoch,obv,sentiment
2025-07-03 15:20:00,2586.17,2587.88,2580.19,2585.73,1228.4125000000001,38.36952001713236,-4.480102279228959,2636.755556342742,10.531201841971788,2596.868957351239,2595.941952416444,0.0,-90.13164489743903,17.683070402637565,10069.172799999998,-0.0009806860057922455
2025-07-03 15:25:00,2585.74,2589.07,2583.53,2584.26,1360.1604,37.23402137772491,-4.796710418120256,2632.968686361179,10.174687424688086,2595.4926195109797,2594.82938551964,0.0,-73.87304204451415,14.876847290641292,8709.012399999998,-0.0006388527442269069
2025-07-03 15:30:00,2584.27,2586.46,2571.45,2571.45,2877.1883,29.14084695786454,-6.011982203085154,2629.888190847644,10.520066894353238,2593.516461412229,2592.6027773749124,11.697829466179655,-140.30534708096516,0.0,5831.824099999998,-0.0007642540579914647
2025-07-03 15:35:00,2571.42,2578.94,2565.65,2576.21,6520.318,34.8110120203563,-6.515890499531906,2626.5986006852186,10.71791925904229,2588.3963760952006,2591.0415604820637,13.312785270230464,-145.91889722891014,25.926835256567497,12352.142099999997,-0.0007368323196901653
2025-07-03 15:40:00,2576.21,2579.96,2574.61,2575.45,2292.8404,34.33854343540942,-6.89706206512983,2622.7309321885928,10.334496454824976,2586.134102633409,2589.556649959962,14.648347062212869,-100.13339937263066,27.691438259394637,10059.301699999996,-0.0007146062418675048
2025-07-03 15:45:00,2575.45,2577.56,2570.28,2577.55,2158.2232,36.88749786962784,-6.949580390710707,2618.6768299557198,10.116318136623175,2584.6551620475393,2588.413159487585,16.24061948071985,-105.0437467833242,33.874181611158704,12217.524899999997,-0.0006546768665052863
2025-07-03 15:50:00,2577.55,2577.56,2573.61,2574.66,865.5515,34.880715941539876,-7.142071040203518,2615.6088692430244,9.675866841150079,2583.7304826579066,2587.1033347744815,17.71915815504776,-91.10089399744359,25.647594648447868,11351.973399999997,-0.0005421802468360918
2025-07-03 15:55:00,2574.67,2574.8,2567.5,2570.52,2325.1392,32.17991223489756,-7.541748089916837,2611.008098798581,9.506162066782228,2580.656969562102,2585.5239695578643,19.56985188675054,-117.84153573082165,15.05409582689306,9026.834199999998,-0.000793226495284303
2025-07-03 16:00:00,2570.52,2575.0,2568.52,2568.52,3404.7385,30.93380529118417,-7.928483691944621,2605.966193255465,9.290007633440641,2578.5637207308573,2583.904543885687,21.250136276480134,-103.56245835255272,8.871715610509733,5622.095699999998,-0.0005857634966754122
2025-07-03 16:05:00,2568.52,2572.78,2565.31,2570.6,2993.0288,33.80468969376304,-7.9752026543087595,2603.265701408921,9.160007088194899,2577.4210576754,2582.6374444680023,23.056286096990473,-104.73893764910291,16.18231875191176,8615.124499999998,-0.00034012414823993603
2025-07-03 16:10:00,2570.6,2581.69,2569.51,2577.27,4274.4811,42.11409908264665,-7.388840557536241,2601.7776554924167,9.375720867609536,2576.5178779236603,2582.1262592805733,23.130583206015757,-19.34824657702948,50.33670033670003,12889.605599999999,-0.0002113900294829126
2025-07-03 16:15:00,2577.26,2577.26,2568.01,2572.01,2350.4009,38.056945434333,-7.2648378827711895,2599.34841541593,9.367455091351696,2575.5248119862167,2581.162806015757,23.346031316153844,-65.5843329004,28.19865319865409,10539.204699999998,-0.00045532225992162
2025-07-03 16:20:00,2572.01,2573.94,2566.09,2572.52,2341.458,38.67383702310282,-7.044210854020548,2596.7878074168734,9.259065441969426,2574.9891454548256,2580.339681633304,23.73547130807732,-81.78074550465553,30.34511784511772,12880.662699999999,-0.0004249424116057147
2025-07-03 16:25:00,2572.53,2576.25,2569.26,2572.3,2170.6522999999997,38.495736150141255,-6.808628870195662,2593.631731135338,9.096989338971595,2574.1712963962586,2579.573997668227,23.6881845371326,-46.19827625107361,29.419191919192645,10710.0104,-0.0003846936136966128
2025-07-03 16:30:00,2572.29,2575.0,2570.5,2574.99,803.9664,42.01215070927096,-6.331877984062885,2591.6560339364887,8.76863295761648,2573.807828704199,2579.1374264617293,23.64427539268393,-17.684411133541985,40.740740740739675,11513.976799999999,0.00011553041079269873
2025-07-03 16:35:00,2575.0,2576.15,2571.93,2576.15,768.268,43.51197918841611,-5.79366144382675,2588.19422588455,8.443730603501036,2573.3832278836157,2578.8529096558505,23.383548209801653,43.14498921604235,51.25295508274279,12282.244799999999,-1.1869641202607213e-06
2025-07-03 16:40:00,2576.14,2579.03,2573.36,2573.8,1328.5904,41.18780943274664,-5.493421573912201,2586.6796619751367,8.245606988965253,2573.2052321281535,2578.371680164817,22.599633556488758,70.16696481812797,51.831501831502926,10953.6544,-5.262087714357396e-05
2025-07-03 16:45:00,2573.8,2581.18,2573.16,2580.05,3563.6267,48.9914744087494,-4.6970123131650325,2586.530564006777,8.229492204039163,2573.678543293899,2578.5315201491203,21.48339289512427,133.03173919287985,89.98778998779083,14517.2811,8.17895081476246e-05
2025-07-03 16:50:00,2580.05,2581.0,2567.75,2571.75,3072.463,41.17746960228398,-4.681625999894095,2585.4661876027194,8.588099903750651,2573.4498261819103,2577.8856610872995,21.21683085808379,0.2559619713574802,39.31623931623939,11444.8181,-9.285817150304447e-05
2025-07-03 16:55:00,2571.75,2576.0,2571.75,2572.12,740.9463999999999,41.62445407235607,-4.586703663287153,2583.5860177636364,8.27823562491132,2573.3290451232624,2577.3365505075567,20.9693089665462,-2.5134952766681757,41.575091575090966,12185.764500000001,5.312934608287893e-05
2025-07-03 17:00:00,2572.05,2576.62,2572.0,2575.63,905.4366,45.82977771662146,-4.180064184027742,2581.5414173537442,8.01693308027479,2573.3161861962326,2577.1740218877894,20.61189933021259,51.57070315860606,63.00366300366358,13091.201100000002,0.00023168649233784588
2025-07-03 17:05:00,2575.63,2576.65,2574.49,2576.48,656.6345,46.828723796092675,-3.7460296725394073,2579.651467345045,7.598580717398041,2573.5614338672976,2577.1079245651426,20.273477488596686,78.91490479156094,68.19291819291819,13747.835600000002,0.0001917041154497016
2025-07-03 17:10:00,2576.48,2580.0,2575.49,2580.0,1210.2902,50.86929570393146,-3.0824866259595183,2580.5187845610562,7.377967809012482,2574.142134802929,2577.3833603208436,19.24137104360843,143.02376672658,89.68253968253941,14958.125800000002,8.932745611844872e-05
2025-07-03 17:15:00,2579.99,2581.0,2576.81,2578.97,2259.4696999999996,49.67963425016886,-2.6096539071181724,2580.930885919788,7.150255822654452,2575.0690937085287,2577.5344688617156,18.077949052990768,138.45001521427739,82.56410256410084,12698.656100000002,0.00022613532787552995
2025-07-03 17:20:00,2578.97,2579.08,2572.59,2572.59,1879.4183,42.975312530837584,-2.718407145551737,2580.830482342134,7.103094692464832,2574.8511351852835,2577.063567065362,17.75837556498862,-1.7954389160326822,43.074884029159264,10819.237800000003,3.4566328943793265e-06
2025-07-03 17:25:00,2572.6,2573.6,2572.39,2572.76,805.0125,43.19528774389714,-2.7590724218680407,2580.462475708784,6.682159357288775,2575.0351376191797,2576.653703535327,17.496002796242173,-70.94796613152192,44.20145791915314,11624.250300000003,1.6090009710080972e-05
2025-07-03 17:30:00,2572.77,2575.15,2572.55,2575.14,1018.1994000000001,46.31745829105142,-2.569632710471069,2580.4972241154364,6.390576546053857,2575.4614442897278,2576.5095412938676,16.890363589842305,-32.82626991910163,55.02606105733405,12642.449700000003,6.033331017109751e-06
2025-07-03 17:35:00,2575.15,2576.5,2573.03,2576.5,958.268,48.07378599484355,-2.2834376920204704,2580.6328273381982,6.181963935621424,2575.766431931089,2576.5086325992133,16.016497200914433,2.8898062877330895,65.15264333581614,13600.717700000003,1.2503284331027986e-05
2025-07-03 17:40:00,2576.5,2576.5,2574.96,2575.61,556.2326,46.99031663359699,-2.104185894749662,2580.3474374483785,5.850395083077034,2575.856799221182,2576.4230485421454,15.205049839767124,11.969823973160715,58.52568875651693,13044.485100000004,5.973529399811809e-05
2025-07-03 17:45:00,2575.61,2579.3,2575.61,2578.22,1264.283,50.51270477698862,-1.7315619978026007,2580.5469309950327,5.696081148571536,2576.0149885881115,2576.5941867762267,14.442541782630244,87.96316438257985,77.95979151154079,14308.768100000003,-5.817836697788459e-05
2025-07-03 17:50:00,2578.22,2578.33,2575.69,2576.71,795.4621,48.504601412048615,-1.5403431383961106,2580.481613712821,5.477789637959274,2576.0928847704486,2576.605216607062,13.734498586717427,46.80173661361257,66.71630677587599,13513.306000000002,0.0001610980105483754
2025-07-03 17:55:00,2576.71,2578.14,2576.7,2577.41,753.818,49.50673285397382,-1.317133568908048,2580.61869457604,5.189376092390758,2575.7218458999323,2576.6818626444847,13.077029904798382,71.943360909877,72.90566037735739,14267.124000000002,0.00017174745629867463
2025-07-03 18:00:00,2577.41,2585.55,2577.15,2583.89,1601.9193,57.711087584940394,-0.610321130489865,2582.1717195939723,5.418706371505711,2576.8382524952654,2577.3683519164383,14.000050093023125,199.92356068242694,87.97101449275154,15869.043300000001,0.0002675406844839523
2025-07-03 18:05:00,2583.88,2583.89,2581.65,2583.19,991.4783,56.64044302089782,-0.10543593081183644,2583.202155055725,5.191655916398145,2577.390699711754,2577.9227945910634,14.857140267803246,176.6239851684416,82.5830258302576,14877.565,0.00021746354191295078
2025-07-03 18:10:00,2583.19,2583.19,2574.29,2578.3,1044.685,49.703494330643174,-0.09875452444521216,2583.36407050565,5.456537636655427,2577.6216158250827,2577.958718915724,13.801274710387137,40.000000000002586,44.908814589666946,13832.880000000001,-5.413756743630205e-05
2025-07-03 18:15:00,2578.3,2579.3,2575.11,2578.49,765.8436,49.95993630956917,-0.07723770151460485,2583.5162862382736,5.366070662608615,2577.6943603381364,2578.0093171142266,12.820828121357893,7.063318420777051,46.35258358662436,14598.723600000001,-1.472783628821602e-05
2025-07-03 18:20:00,2578.49,2582.4,2575.53,2581.4,794.1291,53.84166775872573,0.17263716205252422,2584.0164854203554,5.473494186707991,2577.7384323239594,2578.332239293824,12.562260258888992,69.68933669185004,68.46504559270522,15392.852700000001,0.00028547410842865345
2025-07-03 18:25:00,2581.39,2587.58,2580.67,2586.16,1227.0005,59.39086338851376,0.7461557912056378,2585.2831222615723,5.576101744800267,2578.152375405522,2579.07774031346,13.237590826131605,172.0407607771014,90.65174456879481,16619.8532,0.00043363072318746326
2025-07-03 18:30:00,2586.16,2586.22,2581.49,2582.18,1255.6237,53.58961613687944,0.8694976711267373,2585.5680584684605,5.515665905885963,2579.081204035116,2579.37319361694,13.864683495714031,109.09650476057016,64.4502962475308,15364.229500000001,0.000228294238912935
2025-07-03 18:35:00,2582.18,2586.38,2580.64,2586.38,1008.3106,58.22676221045098,1.2912669768070373,2586.582285077992,5.531689769751268,2579.8216786491125,2580.040508510565,14.21899699193506,111.9265371227588,92.01596806387333,16372.540100000002,0.0003198280717128706
2025-07-03 18:40:00,2586.37,2586.37,2584.38,2585.66,607.3538,57.17216136200136,1.5495618234022004,2587.4843165424018,5.2794262147690345,2580.4876205071346,2580.575698176225,14.548002381283156,111.69019725643297,86.80412371133946,15765.186300000001,0.00032541544501985914
2025-07-03 18:45:00,2585.65,2585.69,2579.99,2580.36,731.1737,49.99402600426149,1.3114787337153757,2587.5849366421094,5.309467199428409,2580.93884283346,2580.555155492775,13.703774254184315,31.058899259744766,45.67343867569737,15034.012600000002,7.01555310657261e-05
2025-07-03 18:50:00,2580.37,2584.39,2580.37,2584.03,566.9585999999999,54.27511749291668,1.4027643046592857,2588.0239106912913,5.2180766851835045,2581.2407871435253,2580.8860930648916,12.919848136163964,43.97005635462749,73.288186606473,15600.971200000002,0.00023748532695116084
2025-07-03 18:55:00,2584.02,2585.79,2583.23,2585.49,1691.4449000000002,55.892872915197884,1.5747656573398672,2588.713078298172,5.02821406481325,2582.0030562345314,2581.3245603920445,12.523410104132163,82.4489363393111,84.2738901429635,17292.416100000002,0.00026193071579663774
2025-07-03 19:00:00,2585.5,2592.18,2584.92,2590.86,1131.1558,61.31433523057453,2.1199545728895828,2590.1351195904417,5.187627345898001,2582.8730038753347,2582.232697497564,13.412197640798322,179.02483321646181,92.6215762996103,18423.571900000003,0.00022549937697329456
2025-07-03 19:05:00,2590.86,2592.43,2588.0,2588.0,1464.2947,57.276395934348855,2.2947897110216218,2590.580855436791,5.133511106905274,2583.7991815152977,2582.7819644025576,14.280057047260138,158.01291419764186,75.57883131201837,16959.277200000004,0.0001560851103551327
2025-07-03 19:10:00,2588.0,2592.37,2587.76,2590.29,880.0322,59.57218590490966,2.588295420828672,2591.553152736037,5.096117456412017,2584.3745713824537,2583.4970154118378,15.012900646422645,139.09305824198483,88.2028665931649,17839.309400000006,0.00038757356249696784
2025-07-03 19:15:00,2590.3,2592.31,2589.6,2591.68,726.4739,60.94406339755517,2.899636983545406,2592.721465442818,4.925680495239733,2584.8357735912205,2584.276347277377,15.693398274216403,132.95128939829027,95.8654906284454,18565.783300000006,0.00042615085285533744
2025-07-03 19:20:00,2591.68,2592.05,2588.68,2589.67,433.0687,57.885143356906234,2.950179381873113,2593.146172024951,4.814560459865491,2585.4994550942642,2584.7900284890557,16.014526177275602,94.62015219708468,84.06466512702188,18132.714600000007,0.0002674736690319035
2025-07-03 19:25:00,2589.67,2591.26,2588.66,2588.66,823.7333,56.35449551411468,2.8755880485759917,2593.49929567051,4.656377569875125,2586.199682955139,2585.158597204384,16.30570088683702,68.61048353865009,77.69230769230732,17308.981300000007,8.130935869810063e-05
2025-07-03 19:30:00,2588.66,2588.74,2582.21,2583.58,780.759,49.29408430246857,2.3791351458662575,2593.1377881227654,4.790207743455454,2586.502947433152,2585.0082546134904,15.602272403837068,-40.73059791932544,28.858520900322585,16528.22230000001,4.60223570286263e-05
2025-07-03 19:35:00,2583.59,2584.87,2583.19,2583.64,661.9208,49.37475963223842,1.9678499925084907,2592.7625867348725,4.568050047494339,2586.531350009324,2584.8779446503013,14.949088812479971,-59.91290449608974,29.34083601286234,17190.14310000001,-8.75867288672912e-05
2025-07-03 19:40:00,2583.65,2586.29,2583.33,2586.13,607.5001,52.73560840602559,1.821824872441539,2592.8663142032597,4.453189329816174,2586.802365033134,2584.9971880169396,13.936274714552294,-33.811444071504,49.35691318328216,17797.64320000001,1.592476509261938e-05
2025-07-03 19:45:00,2586.12,2587.76,2584.14,2586.75,481.11440000000005,53.5622739642303,1.7361148795407644,2593.013900815377,4.393675806257901,2586.9813004248667,2585.1641224915165,13.29049055249638,-14.443496159441809,54.34083601286325,18278.757600000008,0.00020671703611764106
2025-07-03 19:50:00,2586.75,2586.75,2583.93,2584.91,564.7319,50.726686277885584,1.5023977639684745,2592.6268563868775,4.281270391525206,2586.9735091275143,2585.139920349467,12.62658818399988,-38.81515484149336,39.54983922829623,17714.02570000001,2.8917081766407133e-05
2025-07-03 19:55:00,2584.91,2587.37,2584.89,2586.02,650.0171,52.365010995908456,1.3907117302414918,2592.156194830715,4.152608220701978,2587.2399809095564,2585.223737459042,12.19209975680519,-26.440001464719014,46.84908789386498,18364.04280000001,1.761761654165787e-05
2025-07-03 20:00:00,2586.02,2587.88,2585.69,2587.12,477.9309,53.99740479309163,1.3751091484864446,2592.0572719623206,4.01242191922327,2587.440391024252,2585.404333891514,11.94198165386201,-13.797373282192485,48.0430528375729,18841.97370000001,-0.00012001668884981109
2025-07-03 20:05:00,2587.11,2591.48,2587.11,2591.48,543.7603,59.86783516576472,1.6950204118011243,2592.7404772801447,4.037963210707314,2588.0083821932394,2585.9829687589886,12.679283603771983,68.1377749487124,90.70450097847518,19385.73400000001,0.00011241266266488285
2025-07-03 20:10:00,2591.48,2593.84,2589.23,2590.18,903.4005,57.51125613807883,1.8226429638366426,2592.9634981415807,4.078822981371087,2588.1378253623498,2586.3826860200375,13.891307591515785,90.78854846810002,68.52966466035878,18482.33350000001,-3.128755399511851e-06
2025-07-03 20:15:00,2590.18,2592.29,2588.49,2592.18,704.7554,60.11258732277086,2.061405442339492,2593.649917563395,4.058907054130308,2588.1429424801286,2586.934811160986,14.728974559171192,81.33487061234426,85.72656921753831,19187.08890000001,1.6498549399770097e-05
2025-07-03 20:20:00,2592.18,2593.46,2591.03,2592.7,515.1654,60.78484188352481,2.2664597438174496,2594.3637607407554,3.9425565502638453,2588.1918359195424,2587.4838767647016,15.773808635480183,107.91159224176417,90.19776440240484,19702.25430000001,9.784538807595482e-05
2025-07-03 20:25:00,2592.7,2596.84,2592.7,2594.86,953.7169,63.534125916062884,2.573593914562025,2594.8952960331917,3.9566596538164513,2588.644437451209,2588.186364691873,17.42626601726419,147.71220340840966,86.46616541353382,20655.97120000001,0.0001997720068382669
2025-07-03 20:30:00,2594.85,2595.17,2593.07,2593.07,517.6114,59.79301928834551,2.6421053712469984,2595.322850663962,3.82404110711527,2588.8630559725184,2588.6514728164566,18.96069072892077,108.3151039702268,74.23103212576929,20138.35980000001,0.0003058203393305481
2025-07-03 20:35:00,2593.07,2595.5,2592.5,2594.67,575.2896,61.9497793918629,2.7933083031648493,2596.056553385593,3.7651810280356073,2589.1469188295596,2589.2246658815557,20.129893512528415,100.15909814082383,85.16746411483214,20713.64940000001,0.0003553041432174664
2025-07-03 20:40:00,2594.68,2598.0,2594.67,2597.18,659.9392,65.1114840435711,3.080167485686161,2597.176625164788,3.7340966688902015,2590.0871229674863,2589.982316749979,21.71671280166772,125.12864816137763,94.46320054017443,21373.58860000001,0.00035560507310889816
2025-07-03 20:45:00,2597.17,2598.0,2595.54,2596.74,471.8476,64.1058831625426,3.234713369590736,2598.1754246292794,3.6430897639694755,2590.9268297653216,2590.625905630933,23.190187855868505,113.60186806771691,91.41104294478383,20901.74100000001,0.0003215088247388494
2025-07-03 20:50:00,2596.75,2597.69,2596.08,2597.02,415.036,64.4818147832018,3.341269678979188,2599.0602289516414,3.4978690665430934,2591.631119951871,2591.2348669994153,24.558414691912088,102.0770975056751,93.03482587064671,21316.77700000001,0.00038977089114159796
2025-07-03 20:55:00,2597.01,2599.2,2596.19,2599.19,972.6551000000001,67.33696224585373,3.559782232728139,2600.2382647838676,3.4630212760757124,2592.638053118549,2591.992498713757,26.140446534576565,110.71191863786846,99.93451211526022,22289.43210000001,0.0004236173696779977
2025-07-03 21:00:00,2599.2,2603.6,2599.1,2602.3,3199.6316,70.94214043548305,3.9385053761757263,2602.0951208310876,3.5370911849274473,2595.500376539269,2592.974165502923,28.339771465393962,155.90540824914933,93.05184393372676,25489.06370000001,0.00048788091444768034
2025-07-03 21:05:00,2602.3,2603.24,2593.45,2597.24,2520.6597,59.44565507651116,3.786695811912068,2602.7336687438105,3.9837275288611984,2596.4203568869566,2593.3804354550257,28.031702122846074,75.52222817353235,64.4891122278047,22968.40400000001,0.0001854054624853274
2025-07-03 21:10:00,2597.23,2597.24,2593.49,2595.73,605.734,56.50297382276004,3.50414762552964,2602.7687719832243,3.9670327053711127,2596.7143341962865,2593.604203506928,27.745637733337315,10.821716801168167,52.274105518496086,22362.67000000001,0.0001787602502782241
2025-07-03 21:15:00,2595.73,2596.06,2591.54,2594.14,915.5672,53.499802262161616,3.1160070507221462,2602.4823934428855,4.006530369273174,2596.791413758363,2593.655231744364,26.79406700077252,-41.1146485912745,37.3924553275979,21447.102800000008,6.336928715617678e-05
2025-07-03 21:20:00,2594.14,2597.36,2592.16,2594.98,362.65369999999996,54.864675294758676,2.8434068049250527,2602.4183590256275,4.091778200039395,2597.1234892123994,2593.7814001496627,26.232366712252222,-25.065508886176115,42.95168762409121,21809.756500000007,7.363623552916754e-05
2025-07-03 21:25:00,2594.99,2595.81,2594.0,2594.51,389.34409999999997,53.91117785994732,2.5599347399279395,2602.2753272621003,3.9287940428937205,2597.384290606767,2593.850790611599,25.710787872911943,-40.22720256837756,27.684964200478113,21420.41240000001,-1.0882703827504633e-05
2025-07-03 21:30:00,2594.51,2594.79,2591.51,2594.78,395.0969,54.401440085539136,2.3302066577807636,2601.7215680865097,3.8824516112584364,2597.4700632133317,2593.939286743828,24.33677213642627,-86.53786588199654,27.047146401985653,21815.50930000001,5.52748930840267e-05
2025-07-03 21:35:00,2594.79,2595.39,2592.17,2592.95,326.2871,50.48185465958366,1.9776823010233784,2601.0676187357453,3.8351336390256767,2597.5716415165793,2593.845068958701,23.23765399708552,-86.33203679695238,11.9106699751831,21489.222200000007,-5.491605181282e-05
2025-07-03 21:40:00,2592.95,2593.35,2589.53,2592.42,678.0007,49.372365316887226,1.6366711120995205,2600.4426966625565,3.834052664809536,2597.4140466571375,2593.7093481054917,21.805567054617303,-135.15637660021133,20.5401563610514,20811.221500000007,-0.00015256339452807133
2025-07-03 21:45:00,2592.42,2593.17,2590.64,2592.29,638.3157,49.08738824200022,1.3404752106680462,2600.393021958009,3.7409060458945835,2597.2866433361955,2593.5741720954447,20.4757720366111,-113.02284767134255,19.61620469083028,20172.905800000008,-0.00014262436757994656
2025-07-03 21:50:00,2592.29,2596.17,2592.28,2595.68,607.7192,56.18890516310541,1.3635641743821907,2600.2109548898356,3.7515556140449613,2597.1967343559118,2593.774727133974,19.729099314184968,-23.943942614233467,43.71002132195994,20780.625000000007,-4.263298825881353e-05
2025-07-03 21:55:00,2595.69,2596.71,2594.31,2595.52,525.1019,55.79334448455677,1.3533510926836243,2600.1773838654967,3.655015927327471,2597.1427273719637,2593.9409435974053,19.191398163950886,5.365296803671583,42.57285003553593,20255.523100000006,-0.000117400818271024
2025-07-03 22:00:00,2595.52,2599.43,2594.02,2599.42,2740.6207,62.688372618661745,1.6410376971343794,2600.650215512506,3.7803719325183556,2597.2371961188705,2594.4627584928908,19.420264621363362,73.7842977451765,70.29140014214695,22996.143800000005,-9.18956127418935e-05
2025-07-03 22:05:00,2599.42,2601.66,2598.7,2600.0,1292.8014,63.59771023242783,1.8939997069219316,2601.2246645301752,3.7217739373384755,2597.421232632552,2594.9901148269014,20.14820404311203,140.39151849070015,74.41364605543721,24288.945200000006,8.873442622649626e-05
2025-07-03 22:10:00,2600.0,2600.45,2594.02,2594.5,821.5517,50.923554168197725,1.6318588347389777,2601.172152963054,3.9152186561000013,2596.291246446949,2594.9434372243395,19.216448410788207,44.89374572617212,36.25091174325274,23467.393500000006,-3.909875882320465e-05
2025-07-03 22:15:00,2594.51,2596.81,2594.24,2595.13,389.6904,52.10106780685162,1.4581375379034398,2601.1739599054913,3.819131609235727,2595.8610377621,2594.9612051077356,18.351246752201796,18.31175836028524,46.16652926628251,23857.083900000005,3.2181724581720195e-05
2025-07-03 22:20:00,2595.13,2595.14,2591.79,2592.78,465.05190000000005,47.52082202237852,1.117949769295592,2601.123403922079,3.7856222085760254,2595.7668286172384,2594.7534712879515,17.262705207002778,-67.62295678499046,26.79307502061082,23392.032000000007,-7.026402857471248e-05
2025-07-03 22:25:00,2592.78,2593.09,2590.37,2591.31,1565.2843,44.863931589195126,0.721415765180609,2601.193080087835,3.7095063365348993,2595.3345074514127,2594.42552164148,16.640767159449844,-118.22541021294074,14.674361088209366,21826.747700000007,-0.00010241736918612891
2025-07-03 22:30:00,2591.31,2594.49,2590.87,2593.93,445.8224,50.20739887089747,0.6115225623539118,2601.0432419187377,3.703113026782399,2595.2621779204237,2594.378329104196,15.62671504681799,-52.273419483966556,36.27370156636242,22272.570100000008,-2.6833558589123285e-05
2025-07-03 22:35:00,2593.97,2594.47,2592.05,2594.46,339.8163,51.23692577216796,0.5607341833601822,2600.5469231537386,3.6114620962979145,2595.230648016287,2594.3861072847485,14.685095227945553,-28.26702810950052,40.64303380049445,22612.386400000007,4.8965214161524516e-05
2025-07-03 22:40:00,2594.46,2595.81,2594.21,2594.58,278.3878,51.48153340877981,0.5241252347655063,2599.055645231103,3.467786232276628,2595.2761797547087,2594.404573257629,13.891989564646352,12.20071870805505,41.63231657048534,22890.774200000007,6.985294688797532e-05
2025-07-03 22:45:00,2594.57,2594.86,2591.49,2594.48,482.80809999999997,51.25081452428097,0.4814928649570902,2598.7703164221734,3.4608015013997506,2595.2561292964137,2594.4117567569024,13.486800732722555,-33.92026433632823,40.8079142621596,22407.96610000001,7.081997288647483e-05
2025-07-03 22:50:00,2594.47,2594.48,2592.76,2593.6,273.2315,49.162790227653886,0.3724049072447997,2598.659779171906,3.33645853701404,2595.432547355922,2594.3344465895784,13.110553960221889,-41.6233188059522,28.609388839681387,22134.734600000007,-6.642216926687945e-05
2025-07-03 22:55:00,2593.6,2594.91,2593.33,2593.68,420.7882,49.364756883092554,0.28907496992269444,2598.6514192665377,3.2109972129416033,2595.5786454873255,2594.272118342952,12.603019911234513,-35.51538272569629,29.317980513728575,22555.522800000006,-5.871499947170585e-05
2025-07-03 23:00:00,2593.69,2597.86,2593.5,2597.86,1581.7473,58.616022929593036,0.5539409737884853,2599.0406005107357,3.293068840588641,2595.736750935181,2594.6138213579093,12.268183014904318,58.39455342970216,66.34189548273038,24137.270100000005,-4.962994259303614e-05
2025-07-03 23:05:00,2597.85,2598.18,2595.28,2596.42,488.2686,54.89508338621399,0.6402725611615097,2599.199205092171,3.2649924948322835,2595.784380926453,2594.785838371442,12.056639801843945,60.679177837357926,53.58724534986892,23649.001500000006,-0.00011441569966335237
2025-07-03 23:10:00,2596.43,2596.5,2590.99,2592.71,463.1729,46.67434869021997,0.40466029985918794,2599.187943580269,3.4253501737728507,2595.124306519324,2594.5881394789235,11.928806747992692,-53.153414586945715,20.726306465900382,23185.828600000004,-5.7207860822537184e-05
2025-07-03 23:15:00,2592.71,2592.97,2588.65,2589.99,641.5534,41.73919247823576,-0.0015277715297088434,2599.4357162024685,3.489253732789055,2594.0383107194884,2594.150221433312,12.42013958104649,-171.34118826775378,11.355932203387473,22544.275200000004,-0.00016486758590358863
2025-07-03 23:20:00,2589.99,2590.34,2586.66,2588.02,765.6132,38.55915559059505,-0.4768998756489964,2599.921008477589,3.502878466161286,2593.3128375549522,2593.566390820615,13.341367771171434,-226.8069699026981,11.80555555555668,21778.662000000004,-0.00015279078533176707
2025-07-03 23:25:00,2588.01,2589.06,2587.99,2588.5,495.5902,39.763382659823876,-0.8056170526583628,2600.2274614689663,3.329101432864063,2592.9467373257585,2593.083877409128,14.196793947716026,-161.24949109883968,15.972222222223511,22274.252200000003,-9.008836948619832e-05
2025-07-03 23:30:00,2588.49,2589.57,2585.91,2585.91,470.2704,35.69769010339493,-1.260587865954676,2600.6592677680756,3.3527370448023666,2592.617288891722,2592.400650989211,15.463664576429043,-152.45673210903766,0.0,21803.9818,-0.00025772596168074924
2025-07-03 23:35:00,2585.91,2588.43,2585.72,2586.5,526.7714,37.27114925901415,-1.5556152796084461,2600.801197842933,3.306827255887914,2592.433224028454,2591.838684228334,16.682046266011483,-126.71556086189646,6.260032102730319,22330.753200000003,-0.00025573959866534435
2025-07-03 23:40:00,2586.5,2589.2,2586.49,2589.19,459.3202,43.99946035283079,-1.554447409626846,2599.911610518922,3.2641967376102086,2592.147388725969,2591.58642858754,17.469474965537692,-77.55951983252064,27.849117174961833,22790.0734,-0.0001729260098677817
2025-07-03 23:45:00,2589.19,2590.21,2588.54,2589.99,343.1821,45.8593392829267,-1.4720002475655747,2598.6616807168884,3.1503255420666276,2591.9659890016837,2591.4343877696792,17.755340999890098,-42.663581437196825,34.26966292134807,23133.2555,-0.00014396610801791407
2025-07-03 23:50:00,2590.0,2590.82,2589.73,2590.46,322.4907,46.97357572688639,-1.353137083585807,2598.409144853824,3.003159431919022,2591.793657052456,2591.3415889344715,17.75376368732512,-20.64265154545606,38.04173354735331,23455.746199999998,-0.00010057864724249965
2025-07-03 23:55:00,2590.45,2591.48,2590.18,2591.25,496.8343,48.87805010676628,-1.1815703644147106,2598.054913929916,2.881505186781962,2591.62767516458,2591.3328661788073,17.461178232049907,-1.8200082727742917,44.38202247191159,23952.580499999996,-7.773531524117121e-05
2025-07-04 00:00:00,2591.26,2593.5,2590.7,2593.49,592.5489,53.93049880841728,-0.8549973466665506,2598.1205852627477,2.8756833877261205,2591.62914747931,2591.5383074951114,16.35803529561506,41.05534105533463,62.35955056179743,24545.129399999998,-0.00013999882346712086
2025-07-04 00:10:00,2593.0,2593.0,2589.57,2592.89,657.1369,52.41325922982375,-0.45200610179836076,2598.119094803493,2.883778023090375,2590.5794468104486,2591.793852620715,14.970621384200403,38.481036722527605,57.54414125200684,23355.103099999997,5.9874998427726185e-06
2025-07-04 00:15:00,2592.89,2595.36,2590.36,2591.54,644.6289,48.879266042140465,-0.4169092687425291,2597.858073177727,3.034936735726777,2590.341158480162,2591.769676180647,14.087633113534437,77.17948717949261,53.988868274583076,22710.474199999997,5.002423225214381e-05
2025-07-04 00:20:00,2591.53,2593.69,2588.43,2588.65,588.0109,42.30345745659775,-0.6152019577302781,2597.550048428916,3.193869826032023,2590.146586958203,2591.4725641634423,13.550122677442781,8.0906015912826,30.394190871371283,22122.463299999996,2.0478703405750014e-05
2025-07-04 00:25:00,2588.65,2593.15,2588.56,2590.67,775.946,47.60888445087203,-0.6024090279315715,2597.2008003768196,3.293593409886889,2590.17938263566,2591.3961294812098,13.0510058439291,28.687123555272912,51.34854771784341,22898.409299999996,7.005033192244066e-05
2025-07-04 00:30:00,2590.68,2593.0,2590.67,2593.0,345.19169999999997,52.979754906209585,-0.39965207121758795,2597.128571271872,3.2247653091806776,2590.470910045522,2591.5488790544277,12.587540212809255,76.20432296209779,75.51867219916963,23243.600999999995,0.00022838039253370024
2025-07-04 00:35:00,2593.0,2594.39,2591.53,2592.57,487.7155,51.92187918074397,-0.2705444604453078,2596.99915098647,3.1987106442391773,2590.7634803820993,2591.646128668292,11.786113792778698,88.25270378668569,71.05809128630841,22755.885499999997,0.00019554784172255238
2025-07-04 00:40:00,2592.56,2598.56,2592.56,2595.94,987.5219000000001,58.855807923902034,0.10252326264344447,2596.509279861316,3.398802741079236,2591.6101701619245,2592.0550687951213,12.407456420268662,174.91394350921158,79.59501557632507,23743.407399999996,0.00021720225883658148
2025-07-04 00:45:00,2595.93,2598.44,2595.93,2597.77,549.8926,62.056032810130766,0.5396273389933413,2596.866345504523,3.3353168310021633,2592.337720418176,2592.599347957491,12.984417431509344,206.8173465637735,93.45484672742376,24293.299999999996,0.0002501997602446608
2025-07-04 00:50:00,2597.78,2597.87,2587.77,2588.84,2157.6198999999997,44.050444763630104,0.16357352600243757,2596.703749002331,3.818508485930574,2592.341496391693,2592.241314818682,13.222871406990391,-33.52648257130925,9.916589434663274,22135.680099999998,-5.138620964884044e-05
2025-07-04 00:55:00,2588.84,2589.46,2581.51,2588.53,2095.4346,43.57774759715531,-0.15764896025484632,2596.711441770626,4.113615022649806,2591.336251950998,2591.887856264522,14.648812429727883,-214.42289935366722,41.17302052785979,20040.245499999997,-8.67787006380849e-05
2025-07-04 01:00:00,2588.53,2592.5,2588.0,2591.64,688.0332,49.43949963480559,-0.15943126190677503,2596.7557354007663,4.141213949603391,2591.327093573086,2591.864250905996,15.065849218482152,-52.89620561888571,59.4134897360693,20728.2787,-5.869483007459967e-05
2025-07-04 01:05:00,2591.64,2597.02,2591.64,2595.17,917.0654000000001,55.13676688062005,0.12258466998309814,2597.238676203206,4.229698667488871,2591.592330913387,2592.179084153044,14.3132168580128,86.2539725169091,80.11730205278636,21645.3441,7.02343937705278e-05
2025-07-04 01:10:00,2595.18,2596.26,2594.49,2595.35,405.43730000000005,55.41266530720517,0.35649932123578765,2597.3955489859677,4.054005905525412,2591.6730313679245,2592.481076138469,13.614343951862685,95.63391532581248,81.17302052785872,22050.7814,7.98708838992875e-05
2025-07-04 01:15:00,2595.34,2598.44,2595.18,2596.83,575.8439000000001,57.715253535588374,0.6537657936278265,2597.755732963695,3.9972911979878982,2591.856918824389,2592.895259363376,12.833386544940327,117.65189810686024,89.85337243401733,22626.6253,0.0001707796505465431
2025-07-04 01:20:00,2596.83,2600.01,2594.29,2599.78,1210.4799,61.93490578128893,1.1145441888793357,2598.9766888477657,4.120341826703067,2592.4597608840636,2593.5509489478163,12.461199382069637,120.85033926295338,98.75675675675666,23837.105199999998,0.0003583769401156363
2025-07-04 01:25:00,2599.78,2603.17,2595.8,2596.25,955.8437,54.87779470048899,1.181256103234773,2599.3091301291743,4.35246026765284,2592.907949823063,2593.8080014289767,12.769854857357293,107.01486540780093,68.05170821791265,22881.261499999997,0.00018019888057769587
2025-07-04 01:30:00,2596.26,2597.62,2594.99,2596.46,643.6925,55.204798081793854,1.2368138013389398,2599.6342433718596,4.229427391391931,2593.203274910117,2594.0605727214547,12.834226443655595,53.08318026764774,69.0212373037854,23524.953999999998,0.00011199093490844396
2025-07-04 01:35:00,2596.47,2596.58,2590.0,2591.25,780.4619,46.249637614272636,0.8506346326025778,2599.6342433718596,4.397325434863931,2593.3131913431416,2593.792899128935,12.160553929555165,-39.59638660324804,44.96768236380354,22744.4921,-4.1404657052999484e-05
2025-07-04 01:40:00,2591.24,2591.25,2587.43,2588.63,608.0693,42.51469553462988,0.3293759148441495,2599.744455041342,4.3560879038022335,2593.146027841763,2593.3011944499885,12.06561991363902,-110.19278678470322,32.87165281625087,22136.4228,-0.0002339849488561437
2025-07-04 01:45:00,2588.63,2590.84,2587.9,2590.67,418.9476,46.160474384864685,0.07996380361146294,2599.7231430530564,4.2549387678163635,2593.050118252657,2593.0506045023703,11.977466898859742,-82.64249987620698,42.28993536472722,22555.3704,-0.00022705872526020596
2025-07-04 01:50:00,2590.68,2592.18,2590.18,2590.18,318.9457,45.41542094328178,-0.15544413315046768,2599.711177767165,4.093871712972338,2592.781864717308,2592.777213597383,11.543821947330468,-52.556653108666,40.02770083102344,22236.4247,4.3643232705864454e-05
2025-07-04 01:55:00,2590.18,2590.98,2589.59,2590.09,313.8349,45.27088785364016,-0.34528859490774266,2599.7301099345623,3.9007380191885908,2592.506218471182,2592.52128849287,11.279844658955756,-57.090859391304036,39.6121883656509,21922.589799999998,5.072641025743082e-05
2025-07-04 02:00:00,2590.09,2591.64,2588.94,2591.63,235.99530000000001,48.3026499539986,-0.3672432177108931,2599.6253770367857,3.8149710178179643,2592.6800776773252,2592.4364038745016,10.847861545698171,-44.369062810143966,46.72206832871634,22158.585099999997,1.5306247135489967e-07
2025-07-04 02:05:00,2591.63,2592.0,2587.66,2591.53,937.1012000000001,48.11625570712046,-0.38823623309554023,2599.6161726994965,3.8524730879738343,2593.879906666796,2592.3500796959775,10.77313853472741,-61.8711649391956,26.04828462516075,21221.483899999996,-0.00011656840816299623
2025-07-04 02:10:00,2591.54,2591.54,2586.0,2589.19,947.6003000000001,43.85192614648995,-0.5869260744011626,2599.646099464424,3.9730107245471293,2593.6068793287495,2592.0491197249316,11.110262198922483,-89.12841191067223,18.57891671520117,20273.883599999994,-0.00019759350180105958
2025-07-04 02:15:00,2589.19,2591.13,2584.18,2584.73,1214.2796,37.10251386464263,-1.0916896130379428,2600.143241728448,4.185652815650925,2592.6314898723335,2591.3520607035093,11.841817497294418,-117.59615584632068,2.8962611901009745,19059.603999999992,-0.0003886599246351689
2025-07-04 02:20:00,2584.72,2587.89,2584.02,2587.68,814.3965999999999,43.31695780902888,-1.2393910793425675,2599.8392664593725,4.163106185961565,2592.0221991167737,2591.002340636508,12.55775364141874,-106.67833307598171,19.112271540469123,19874.000599999992,-0.00038821675761133156
2025-07-04 02:25:00,2587.74,2588.56,2587.49,2588.55,258.1689,45.04154602424846,-1.271585777110431,2599.066484479256,3.9421700298214652,2591.6341572146857,2590.768784385412,12.973873849429854,-68.02947615083586,23.65535248041869,20132.169499999993,-0.00024704878305201183
2025-07-04 02:30:00,2588.56,2588.78,2577.83,2578.0,2139.5412,32.2340331355275,-2.1239139787562635,2600.568763260619,4.442729313405666,2588.8626131101637,2589.5527096820397,15.151628135546215,-204.1111969996194,0.6708760852410094,17992.628299999993,-0.0005934260077087861
2025-07-04 02:35:00,2578.01,2580.44,2574.43,2578.11,1757.4129999999998,32.44971003872753,-2.75871340763797,2601.5812451541574,4.554677219590991,2586.3328354461464,2588.46292780756,17.59511733959948,-229.74676045111607,15.868909012506608,19750.041299999993,-0.00042265543081893936
2025-07-04 02:40:00,2578.1,2579.11,2572.23,2573.93,1039.0435,28.710338692595528,-3.558072351546798,2602.8542545590617,4.720771703905927,2584.793937840221,2587.0788394449355,20.109195102983275,-201.629899108326,6.981519507186137,18710.997799999994,-0.0004735094087560214
2025-07-04 02:45:00,2573.94,2577.66,2571.56,2577.54,1491.1903,35.61134941846501,-3.8558256853607418,2602.7296274481087,4.8192880107697835,2583.206848424801,2586.170378545418,22.517011916638417,-142.99270003521923,29.000969932104994,20202.188099999992,-0.00042230416663954773
2025-07-04 02:50:00,2577.55,2577.8,2573.54,2573.55,728.5089,31.93206369690266,-4.36345777669203,2602.7905681786488,4.7793388671433865,2582.4465653767197,2584.9684377315684,24.699346911760063,-117.22152619821259,9.650824442290238,19473.67919999999,-0.0005355414462299887
2025-07-04 02:55:00,2573.54,2578.32,2573.54,2575.18,1086.1403,34.89152065917581,-4.581420722588064,2602.0443391665876,4.779386090918872,2581.661185599407,2584.036205566657,26.516930942163892,-89.63729206148565,17.55577109602284,20559.81949999999,-0.00047986536443279476
2025-07-04 03:00:00,2575.18,2577.45,2573.78,2574.88,792.5531000000001,34.59340751740825,-4.723911113559552,2600.3709920087535,4.700144227281783,2581.0857347153683,2583.16418598888,28.204687541824594,-79.56170345041828,16.242661448141657,19767.26639999999,-0.0005391212514856044
2025-07-04 03:05:00,2574.88,2579.88,2571.91,2576.65,1343.2777,37.96131757436872,-4.64051855818343,2598.9825388022336,4.93370535390453,2580.4431201522316,2582.5437873232727,28.765688031471278,-62.36432949044922,24.902152641879315,21110.54409999999,-0.0004786215489556156
2025-07-04 03:10:00,2576.65,2579.99,2576.64,2578.0,570.8269,40.47874092157931,-4.4146068004588415,2597.205365834325,4.8205835429113435,2580.1981503450015,2582.1110456734373,29.242369593239207,-31.969873713051157,31.506849315068678,21681.37099999999,-0.00035971508027222526
2025-07-04 03:15:00,2578.0,2581.01,2577.43,2581.0,534.9612999999999,45.747248713628444,-3.9479852603562904,2596.2547187022783,4.731970432703418,2579.534815016541,2582.0052317997765,29.264286485822545,-3.1418642528501266,47.24724724724748,22216.332299999987,-0.0001191951453934544
2025-07-04 03:20:00,2581.01,2584.19,2580.43,2583.51,1003.0147999999999,49.7545278815512,-3.3371793783912835,2595.7484761013034,4.662543973224619,2579.1490403852295,2582.1485430569405,28.105669079871753,52.16307950779206,61.062851303015705,23219.347099999988,-0.00013326407482117109
2025-07-04 03:25:00,2583.5,2585.14,2583.5,2584.84,1093.5825,51.78668565004316,-2.714500361143564,2594.9853135795593,4.446647975137138,2578.923806562817,2582.4048722896127,26.711867725172844,88.48151052806574,77.11962833914056,24312.92959999999,-0.00011838115747790183
2025-07-04 03:30:00,2584.84,2585.05,2582.98,2583.09,563.5373000000001,48.979654091792014,-2.3353130928030623,2594.126365880516,4.276887405484497,2578.6808405588095,2582.4701225477447,25.565733304560432,83.29286491135584,66.95702671312445,23749.39229999999,0.00016483686802922412
2025-07-04 03:35:00,2583.1,2584.0,2580.62,2582.35,394.51149999999996,47.799785924128045,-2.0706471350686115,2593.1693338514983,4.212824019378469,2578.6106425637363,2582.4586823051022,25.138330798382835,75.47667017052053,62.65969802555055,23354.880799999988,0.00013740792362980833
2025-07-04 03:40:00,2582.34,2584.0,2582.21,2583.86,377.0965,50.4241142252944,-1.7192348076687267,2591.9015888318863,4.039765160851433,2578.26070832299,2582.592141133188,24.741457042646495,90.53321629604572,90.57437407953054,23731.977299999988,0.000321248046429153
2025-07-04 03:45:00,2583.87,2584.13,2579.18,2579.99,507.9464,44.27983958432796,-1.7330372883930067,2590.2359037687934,4.10478193507635,2578.477423506863,2582.3443181681223,25.11613775747856,38.53053024324333,62.076583210602955,23224.030899999987,7.955773720432398e-05
2025-07-04 03:50:00,2579.99,2580.64,2579.26,2579.73,335.90549999999996,43.892873041845014,-1.7448422258448772,2588.9377932316092,3.9101546539994425,2578.8460527512884,2582.0953354854437,25.46405556410833,7.766590251860281,60.16200294550896,22888.125399999986,0.00020015873984579233
2025-07-04 03:55:00,2579.73,2579.73,2577.08,2577.93,633.6987,41.207947755742964,-1.8777966101633865,2588.401026215713,3.8201436072852033,2579.2956545901498,2581.6986368677826,26.274419500541093,-34.817522960955905,45.5026455026453,22254.426699999985,8.923258981862377e-05
2025-07-04 04:00:00,2577.93,2579.49,2577.93,2579.49,347.1214,44.3832189410542,-1.8361193145710786,2587.2077684729625,3.6587047781933992,2579.6131668710987,2581.4882904994224,27.026900298657235,-27.180136039780447,57.29402872259952,22601.548099999985,0.00014936870568014551
2025-07-04 04:05:00,2579.48,2580.77,2578.6,2579.99,417.7233,45.40105203157917,-1.7426556862342295,2585.579971918718,3.5523687226081617,2580.1004441714113,2581.345596166144,27.117564716874483,-14.851021425017597,61.07331821617473,23019.271399999987,0.00010823754657461142
2025-07-04 04:10:00,2579.99,2581.57,2579.49,2580.99,720.4836,47.47157372587143,-1.5697977929648914,2585.760613245594,3.4471995281361774,2580.57186407644,2581.311729864606,26.833372544577966,0.34972144277122336,68.63189720332512,23739.754999999986,9.687607015299952e-05
2025-07-04 04:15:00,2580.99,2584.64,2580.57,2581.64,1081.3585,48.829917412461555,-1.3646265342158586,2585.9969775417126,3.4916852761264296,2581.4801828104596,2581.3429936870243,25.31644030566594,44.80946807125604,58.8235294117647,24821.113499999985,2.0888450369275596e-05
2025-07-04 04:20:00,2581.64,2582.59,2580.24,2580.92,543.1071,47.36871393953394,-1.245764419421448,2585.871852074923,3.4101363278317107,2581.683793348538,2581.302708573974,24.017259794002346,-3.3633266358089697,47.64267990074654,24278.006399999984,-8.339353041363536e-05
2025-07-04 04:25:00,2580.91,2580.92,2577.87,2579.63,638.7407000000001,44.783003883825245,-1.241348068293064,2585.892125599775,3.384412304415173,2581.636288701229,2581.1434029955003,23.550470855824155,-77.34195402297088,31.637717121590562,23639.265699999985,-0.00016794563647545835
2025-07-04 04:30:00,2579.63,2579.63,2574.99,2576.6,904.9073,39.34966414029995,-1.4654509491087993,2585.5309750566053,3.4740971398141123,2581.0280912645,2580.7106979483096,23.867498715034184,-146.41897737101,15.862068965518354,22734.358399999986,-0.00020940918285058027
2025-07-04 04:35:00,2576.59,2577.5,2574.81,2574.81,381.7523,36.52999386506649,-1.7671218563109505,2585.5792546503776,3.418090201255965,2580.286363986204,2580.148726715137,24.205588308899774,-166.7144657367542,0.0,22352.606099999986,-0.00024342879675056292
2025-07-04 04:40:00,2574.81,2575.03,2573.18,2574.37,974.5781,35.84996036919139,-2.018435280970607,2585.6507656160634,3.3060837583091365,2579.333988615846,2579.5983717898857,24.90979936111577,-181.28524784802872,10.383944153578105,21378.027999999988,-0.00030639755529162277
2025-07-04 04:45:00,2574.37,2575.27,2569.79,2571.6,1329.9211,31.832404487282503,-2.4132998127579413,2586.3372450105917,3.4613634898584853,2578.176714264968,2578.836622095611,26.252813846340338,-183.44447258098052,12.188552188551895,20048.106899999988,-0.00027125024204896486
2025-07-04 04:50:00,2571.62,2572.97,2569.3,2570.19,1894.6715,29.990044937524274,-2.8076432514772023,2587.1227049101008,3.476266097725709,2576.6931421837353,2578.0131342769814,27.589431549545726,-168.06798531988608,5.801825293350004,18153.435399999988,-0.00030854367503340324
2025-07-04 04:55:00,2570.2,2571.74,2570.19,2570.31,1181.8994,30.35945940148669,-3.07503320202386,2587.471711055115,3.3386756621738534,2575.879275116078,2577.2795024410784,28.830576559665015,-133.63934931339577,6.584093872228057,19335.334799999986,-0.00024650729220324075
2025-07-04 05:00:00,2570.31,2575.81,2569.87,2573.34,1523.1625,39.0978734703716,-3.0077742378998664,2586.989592751648,3.5244845434471537,2575.4244800633433,2576.904311732404,28.154146983000647,-73.37496830671489,26.336375488918154,20858.497299999985,-0.00019869817120559316
2025-07-04 05:05:00,2573.35,2578.46,2573.35,2577.63,857.8058000000001,48.878627521167864,-2.578579616573279,2586.093929200544,3.6384499332009206,2575.3554819537044,2576.9734249007465,26.586485109166194,-2.838511699264706,54.30247718383374,21716.303099999983,-7.592672449586539e-05
2025-07-04 05:10:00,2577.63,2578.33,2575.68,2576.27,447.2948,46.33798631549631,-2.32142053015923,2585.4245674367717,3.5678463665437183,2575.3069107180672,2576.906432053056,25.13079908346277,6.273672711081432,45.436766623206914,21269.008299999983,-0.0001521946291140793
2025-07-04 05:15:00,2576.26,2578.6,2574.99,2575.53,709.8828,44.96833922908188,-2.1525190176680553,2584.8130615422956,3.570857340362033,2575.2224300453763,2576.775343286098,23.994857499278663,3.4859645476853243,40.61277705345596,20559.125499999984,-0.00019711782262119004
2025-07-04 05:20:00,2575.53,2575.54,2571.0,2571.0,539.9692,37.63481865993372,-2.3570261629506604,2583.9946278803473,3.640081816050457,2574.807540442515,2576.225310592184,24.023210913490736,-71.72839506173564,11.082138200781307,20019.156299999984,-0.00032044855561904245
2025-07-04 05:25:00,2571.01,2576.0,2570.37,2576.0,906.5184,47.761220811950245,-2.0915314629532986,2583.6318457680622,3.7822188291897176,2574.1293329141668,2576.2038524405475,24.198713308668207,-24.44277485599595,50.41384499623654,20925.674699999985,-0.00011673269382559785
2025-07-04 05:30:00,2575.99,2581.28,2575.77,2578.86,1183.5164,52.51113221102694,-1.6315395303290643,2583.517802524176,3.905631769961896,2574.2382204770547,2576.456818874781,22.558839795085323,107.02892673696371,79.79966611018307,22109.191099999985,7.367026453998966e-05
2025-07-04 05:35:00,2578.87,2579.99,2578.01,2578.62,837.3226000000001,52.083155956222825,-1.2716992465884687,2583.5888679583936,3.7680866435360154,2574.277509378795,2576.6628361248017,21.036100103901216,117.10037174720162,77.79632721201749,21271.868499999986,0.00012380773011129906
2025-07-04 05:40:00,2578.63,2578.99,2577.22,2577.22,413.39070000000004,49.54638230414613,-1.0869617109333376,2583.3466927525064,3.625366168997727,2574.19636173442,2576.715899351011,19.85822527543937,82.94127545008712,66.11018363939571,20858.477799999986,9.280442463416305e-05
2025-07-04 05:45:00,2577.22,2577.93,2573.53,2573.58,552.5675,43.60028772752879,-1.2202076677740479,2582.903790365288,3.680697156926435,2574.1869904241707,2576.417242269962,19.746949133171622,5.3968581348185145,35.72621035058213,20305.910299999985,6.477249408858483e-05
2025-07-04 05:50:00,2573.57,2574.55,2572.99,2573.71,519.8365,43.859421132515486,-1.3003267773469815,2582.201187662845,3.529218788574575,2574.1688985037545,2576.1594096728227,19.77320255719199,-29.759240420478314,36.81135225375499,20825.746799999986,0.00011467333350374347
